<?xml version="1.0" encoding="utf-8" ?>
<dwsync>
<file name="boxed_bgtile.png" server="C:/xampp/htdocs/klikaaja" local="130025780300000000" remote="130025780300000000" Dst="2" />
<file name="navigdots_bgtile.png" server="C:/xampp/htdocs/klikaaja" local="130025780300000000" remote="130025780300000000" Dst="2" />
<file name="bullet.png" server="C:/xampp/htdocs/klikaaja" local="130025780300000000" remote="130025780300000000" Dst="2" />
<file name="bullets.png" server="C:/xampp/htdocs/klikaaja" local="130025780300000000" remote="130025780300000000" Dst="2" />
<file name="bullets2.png" server="C:/xampp/htdocs/klikaaja" local="130025780300000000" remote="130025780300000000" Dst="2" />
<file name="bullet_boxed.png" server="C:/xampp/htdocs/klikaaja" local="130025780300000000" remote="130025780300000000" Dst="2" />
<file name="navigdots.png" server="C:/xampp/htdocs/klikaaja" local="130025780300000000" remote="130025780300000000" Dst="2" />
<file name="small_left.png" server="C:/xampp/htdocs/klikaaja" local="130025780300000000" remote="130025780300000000" Dst="2" />
<file name="small_right.png" server="C:/xampp/htdocs/klikaaja" local="130025780300000000" remote="130025780300000000" Dst="2" />
<file name="arrow_left.png" server="C:/xampp/htdocs/klikaaja" local="130025780300000000" remote="130025780300000000" Dst="2" />
<file name="arrow_right.png" server="C:/xampp/htdocs/klikaaja" local="130025780300000000" remote="130025780300000000" Dst="2" />
<file name="small_left_boxed.png" server="C:/xampp/htdocs/klikaaja" local="130025780300000000" remote="130025780300000000" Dst="2" />
<file name="small_right_boxed.png" server="C:/xampp/htdocs/klikaaja" local="130025780300000000" remote="130025780300000000" Dst="2" />
<file name="arrowleft.png" server="C:/xampp/htdocs/klikaaja" local="130025780300000000" remote="130025780300000000" Dst="2" />
<file name="arrowright.png" server="C:/xampp/htdocs/klikaaja" local="130025780300000000" remote="130025780300000000" Dst="2" />
<file name="arrow_left2.png" server="C:/xampp/htdocs/klikaaja" local="130025780300000000" remote="130025780300000000" Dst="2" />
<file name="arrow_right2.png" server="C:/xampp/htdocs/klikaaja" local="130025780300000000" remote="130025780300000000" Dst="2" />
<file name="large_left.png" server="C:/xampp/htdocs/klikaaja" local="130025780300000000" remote="130025780300000000" Dst="2" />
<file name="large_right.png" server="C:/xampp/htdocs/klikaaja" local="130025780300000000" remote="130025780300000000" Dst="2" />
<file name="timer.png" server="C:/xampp/htdocs/klikaaja" local="130025780300000000" remote="130025780300000000" Dst="2" />
</dwsync>