<?xml version="1.0" encoding="iso-8859-1"?>
<mosinstall type="template" version="1.0">
<name>testtheme</name>
<author>Armia Team</author>
<license>Armia</license>
<version>1.0.0</version>
<description>Test Theme</description>
	<files>
		<filename>index.html</filename>
		<filename>subpage.html</filename>
		<filename>contactus.html</filename>

	</files>

	<themes><theme1>
			<name>Blue Theme</name>
			<style>styles/style.css</style>
			<homepageimage>images/blue_home.jpg</homepageimage>
			<thumbnail>images/blue_thumb.jpg</thumbnail>
			<subpageimage>images/blue_sub.jpg</subpageimage>
			<currenttheme>true</currenttheme>
			<themecolor>#0033CC</themecolor>
		</theme1>	
		 
		<theme2>
			<name>Green Theme</name>
			<style>styles/style_green.css</style>
			<homepageimage>images/green_home.jpg</homepageimage>
			<thumbnail>images/green_thumb.jpg</thumbnail>
			<subpageimage>images/green_sub.jpg</subpageimage>
			<themecolor>#00CC33</themecolor>
		</theme2>
	
		<theme3>
			<name>Orange Theme</name>
			<style>styles/style_orange.css</style>
			<homepageimage>images/orange_home.jpg</homepageimage>
			<thumbnail>images/orange_thumb.jpg</thumbnail>
			<subpageimage>images/orange_sub.jpg</subpageimage>
			<themecolor>#FF9900</themecolor>
		</theme3>
		 
		 
	</themes>

	<panels>
		<header>header</header>
		<topmenu>topmenu</topmenu>
		<banner>banner</banner>
		<maincontent>maincontent</maincontent>
		<featured>featured</featured>
 		<footer>footer</footer>
		<box>box</box>
		<box1>box1</box1>
		 
	</panels>
 
</mosinstall>