<?xml version="1.0" encoding="utf-8" ?>
<dwsync>
<file name="main.jpeg" server="C:/xampp/htdocs/klikaaja" local="130480896519189469" remote="130480896510000000" Dst="2" />
<file name="main2.jpg" server="C:/xampp/htdocs/klikaaja" local="130480037104874298" remote="130480037100000000" Dst="2" />
<file name="main3.jpg" server="C:/xampp/htdocs/klikaaja" local="130480038834793244" remote="130480038830000000" Dst="2" />
<file name="button-1.jpg" server="C:/xampp/htdocs/klikaaja" local="130480737133713141" remote="130480737130000000" Dst="2" />
<file name="05.jpg" server="C:/xampp/htdocs/klikaaja" local="130479822700000000" remote="130479822700000000" Dst="2" />
<file name="06.jpg" server="C:/xampp/htdocs/klikaaja" local="130479822700000000" remote="130479822700000000" Dst="2" />
<file name="07.jpg" server="C:/xampp/htdocs/klikaaja" local="130479822700000000" remote="130479822700000000" Dst="2" />
<file name="08.jpg" server="C:/xampp/htdocs/klikaaja" local="130479822700000000" remote="130479822700000000" Dst="2" />
<file name="09.jpg" server="C:/xampp/htdocs/klikaaja" local="130479822700000000" remote="130479822700000000" Dst="2" />
<file name="customer-s.jpg" server="C:/xampp/htdocs/klikaaja" local="130480768546549853" remote="130480768540000000" Dst="2" />
<file name="customer-s2.jpg" server="C:/xampp/htdocs/klikaaja" local="130480769314913801" remote="130480769310000000" Dst="2" />
<file name="website1.jpg" server="C:/xampp/htdocs/klikaaja" local="130480794800000000" remote="130480794800000000" Dst="2" />
<file name="website2.jpg" server="C:/xampp/htdocs/klikaaja" local="130480794800000000" remote="130480794800000000" Dst="2" />
<file name="website3.jpg" server="C:/xampp/htdocs/klikaaja" local="130480794800000000" remote="130480794800000000" Dst="2" />
<file name="website4.jpg" server="C:/xampp/htdocs/klikaaja" local="130480794800000000" remote="130480794800000000" Dst="2" />
<file name="website5.jpg" server="C:/xampp/htdocs/klikaaja" local="130480794800000000" remote="130480794800000000" Dst="2" />
<file name="website6.jpg" server="C:/xampp/htdocs/klikaaja" local="130480794800000000" remote="130480794800000000" Dst="2" />
</dwsync>