<?xml version="1.0" encoding="iso-8859-1"?>
<mosinstall type="template" version="1.0">
<name>testtheme</name>
<author>techandsols Team</author>
<license>techandsols</license>
<version>1.0.0</version>
<description>Bar+Grill Theme</description>

    <files>
            <filedata>
                <filename>index.html</filename>
                <filealias>index</filealias>
            </filedata>
            <filedata>
                <filename>aboutus.html</filename>
                <filealias>aboutus</filealias>
            </filedata>
            <filedata>
                <filename>services.html</filename>
                <filealias>service</filealias>
            </filedata>
            <filedata>
                <filename>contactus.html</filename>
                <filealias>contactus</filealias>
            </filedata>
            <filedata>
                <filename>subpage.html</filename>
                <filealias>subpage</filealias>
            </filedata>
	</files>


	<themes><theme1>
			<name>Black Theme</name>
			<style>styles/style.css</style>
			<homepageimage>images/black_home.jpg</homepageimage>
			<thumbnail>images/black_thumb.jpg</thumbnail>
			<subpageimage>images/black_sub.jpg</subpageimage>
			<currenttheme>true</currenttheme>
			<themecolor>#000000</themecolor>
		</theme1>


		<theme2>
			<name>Blue Theme</name>
			<style>styles/style_blue.css</style>
			<homepageimage>images/blue_home.jpg</homepageimage>
			<thumbnail>images/blue_thumb.jpg</thumbnail>
			<subpageimage>images/blue_sub.jpg</subpageimage>
			<themecolor>#1989d7</themecolor>
		</theme2>	
		 
		
	
		<theme3>
			<name>Orange Theme</name>
			<style>styles/style_orange.css</style>
			<homepageimage>images/orange_home.jpg</homepageimage>
			<thumbnail>images/orange_thumb.jpg</thumbnail>
			<subpageimage>images/orange_sub.jpg</subpageimage>
		<themecolor>#ee8407</themecolor>
		</theme3>
		 
		 
	</themes>

	<panels>
		<header>header</header>
		<logo>logo</logo>
		<topmenus>topmenus</topmenus>
		<slider>slider</slider>
		<maincontent>maincontent</maincontent>
		<abovefooterarea>abovefooterarea</abovefooterarea>
		<footer>footer</footer>
		
	</panels>
 
</mosinstall>