<?xml version="1.0" encoding="utf-8" ?>
<dwsync>
<file name="jquery.min.js" server="C:/xampp/htdocs/klikaaja" local="130025780300000000" remote="130025780300000000" Dst="2" />
<file name="bootstrap-transition.js" server="C:/xampp/htdocs/klikaaja" local="130025780300000000" remote="130025780300000000" Dst="2" />
<file name="bootstrap-tab.js" server="C:/xampp/htdocs/klikaaja" local="130025780300000000" remote="130025780300000000" Dst="2" />
<file name="bootstrap-button.js" server="C:/xampp/htdocs/klikaaja" local="130025780300000000" remote="130025780300000000" Dst="2" />
<file name="bootstrap-collapse.js" server="C:/xampp/htdocs/klikaaja" local="130025780300000000" remote="130025780300000000" Dst="2" />
<file name="jquery.tweet.js" server="C:/xampp/htdocs/klikaaja" local="130025780300000000" remote="130025780300000000" Dst="2" />
<file name="jquery.carouFredSel-6.1.0-packed.js" server="C:/xampp/htdocs/klikaaja" local="130025780300000000" remote="130025780300000000" Dst="2" />
<file name="jquery.bxslider.min.js" server="C:/xampp/htdocs/klikaaja" local="130410912580000000" remote="130410912580000000" Dst="2" />
<file name="jquery.bxslider.css" server="C:/xampp/htdocs/klikaaja" local="130480867902822707" remote="130480867900000000" Dst="2" />
<file name="custom.js" server="C:/xampp/htdocs/klikaaja" local="130480665141743527" remote="130480665140000000" Dst="2" />
<file name="jquery.bxslider.js" server="C:/xampp/htdocs/klikaaja" local="130480722575010431" remote="130480722570000000" Dst="2" />
</dwsync>